id_user;source
34214513;?utm_source=telegram%adv=public1W%WSJ%3543%A
34432122;?utm_source=instagram%placement=blogger4I%FPY%4643%C
34332094;?utm_source=telegram%adv=public1W%VRI%6516%J
34273819;?utm_source=telegram%adv=public3M%HSJ%6142%K
34385079;?utm_source=facebook%fbadv=source2R%TIY%8021%C
34356919;?utm_source=vkontakte%advert=group2O%DHV%1569%S
34358506;?utm_source=email%domain=outlookX%IPI%8378%Z
34410392;?utm_source=telegram%adv=public2W%GNY%8995%Q
34312019;?utm_source=instagram%placement=blogger2K%LGV%1812%T
34421509;?utm_source=instagram%placement=blogger3R%HBZ%1417%P
34288337;?utm_source=facebook%fbadv=source3S%TSX%3871%E
34408610;?utm_source=telegram%adv=public1R%RNY%8068%K
34278475;?utm_source=telegram%adv=public3C%MCM%5693%N
34263813;?utm_source=instagram%placement=blogger1C%IXC%7596%H
34411177;?utm_source=instagram%placement=blogger1N%DHV%3666%H
34412204;?utm_source=facebook%fbadv=source3U%BVL%7950%U
34368510;?utm_source=telegram%adv=public1S%NTB%7971%E
34285083;?utm_source=telegram%adv=public2D%GBF%4053%T
34259954;?utm_source=telegram%adv=public1Z%PCY%9633%X
34282515;?utm_source=telegram%adv=public1A%LXU%8589%J
34252645;?utm_source=instagram%placement=blogger1S%MKS%5192%D
34276956;?utm_source=facebook%fbadv=source3R%CYM%5185%S
34419203;?utm_source=telegram%adv=public1G%XLJ%3477%Q
34345143;?utm_source=telegram%adv=public2I%ZTR%4763%P
34307647;?utm_source=telegram%adv=public3M%OMY%3105%I
34365602;?utm_source=vkontakte%advert=group1F%PGS%7870%L
34215678;?utm_source=email%domain=yandexQ%OAS%7760%G
34247290;?utm_source=facebook%fbadv=source2B%IIE%9676%I
34388870;?utm_source=vkontakte%advert=group1A%PBT%1534%M
34312348;?utm_source=instagram%placement=blogger4P%CIJ%8389%K
34273401;?utm_source=vkontakte%advert=group3W%GGS%2745%S
34269157;?utm_source=instagram%placement=blogger1U%GDE%5705%H
34259087;?utm_source=telegram%adv=public1E%PNB%4025%R
34246827;?utm_source=instagram%placement=blogger3J%DMR%5924%O
34295256;?utm_source=email%domain=outlookT%EWB%4488%X
34257581;?utm_source=email%domain=gmailI%XCG%4453%Y
34335632;?utm_source=instagram%placement=blogger2I%KCZ%9490%E
34348726;?utm_source=email%domain=gmailE%THA%1869%A
34349012;?utm_source=instagram%placement=blogger4M%NVQ%8971%L
34226552;?utm_source=vkontakte%advert=group1G%CVB%2377%A
34348544;?utm_source=facebook%fbadv=source1J%YJG%9789%C
34276194;?utm_source=instagram%placement=blogger1K%YPL%8838%C
34307481;?utm_source=email%domain=yandexB%KEK%6720%Z
34292230;?utm_source=facebook%fbadv=source3Y%OBF%9017%N
34393085;?utm_source=telegram%adv=public2I%CIC%7119%H
34290069;?utm_source=instagram%placement=blogger1B%GHO%3189%A
34287403;?utm_source=vkontakte%advert=group1X%XVL%5058%Y
34233090;?utm_source=telegram%adv=public2S%KWU%7054%U
34393632;?utm_source=facebook%fbadv=source2N%DFG%6681%A
34350880;?utm_source=telegram%adv=public2J%CZH%4401%R
34391277;?utm_source=instagram%placement=blogger1A%GRD%9047%J
34340017;?utm_source=instagram%placement=blogger2T%RYT%4200%R
34412098;?utm_source=telegram%adv=public1U%VDE%4183%Y
34340146;?utm_source=instagram%placement=blogger1K%SUV%9273%T
34319152;?utm_source=telegram%adv=public3G%MLV%5946%X
34401596;?utm_source=email%domain=yandexV%EJZ%8954%M
34218095;?utm_source=facebook%fbadv=source2X%ROM%6656%H
34295620;?utm_source=telegram%adv=public2G%VWY%2699%C
34425605;?utm_source=vkontakte%advert=group1B%VTC%4832%N
34251264;?utm_source=vkontakte%advert=group2O%HGI%6672%P
34310803;?utm_source=instagram%placement=blogger2S%ABB%9677%N
34228881;?utm_source=facebook%fbadv=source3T%GZU%6377%N
34319000;?utm_source=instagram%placement=blogger1W%TQL%8705%M
34385484;?utm_source=instagram%placement=blogger3Q%ERL%2838%G
34399313;?utm_source=facebook%fbadv=source2N%PET%7430%Y
34303393;?utm_source=facebook%fbadv=source2T%MKG%1913%B
34307294;?utm_source=telegram%adv=public2J%EER%2600%W
34344100;?utm_source=vkontakte%advert=group1C%XRI%6745%I
34229836;?utm_source=instagram%placement=blogger4G%IMQ%8177%Z
34300376;?utm_source=facebook%fbadv=source2O%CPZ%4664%M
34333802;?utm_source=telegram%adv=public1F%ASZ%6603%R
34391270;?utm_source=email%domain=yandexX%UFV%6227%Q
34424844;?utm_source=email%domain=outlookY%ZNO%1862%T
34327644;?utm_source=facebook%fbadv=source1S%YKR%4706%N
34384357;?utm_source=instagram%placement=blogger4Q%BOC%9785%U
34363662;?utm_source=email%domain=gmailX%XET%5099%B
34276584;?utm_source=instagram%placement=blogger2W%YHB%3350%X
34308694;?utm_source=telegram%adv=public2V%DIU%4385%K
34427074;?utm_source=telegram%adv=public1U%MGJ%2584%Q
34257112;?utm_source=vkontakte%advert=group2T%SLD%6735%Y
34245907;?utm_source=telegram%adv=public2D%DTL%3509%B
34238558;?utm_source=telegram%adv=public2I%GBB%4690%V
34279630;?utm_source=vkontakte%advert=group1B%MCJ%2216%N
34335380;?utm_source=email%domain=yandexP%KAK%7601%Y
34408635;?utm_source=instagram%placement=blogger1N%HJW%3873%E
34309845;?utm_source=telegram%adv=public1Y%QCE%9041%U
34260065;?utm_source=telegram%adv=public3I%PWP%4244%K
34285576;?utm_source=email%domain=gmailI%FSN%5225%B
34271857;?utm_source=instagram%placement=blogger1E%FAU%5013%L
34245226;?utm_source=instagram%placement=blogger1N%LCK%3085%T
34266665;?utm_source=email%domain=yandexF%OHU%5877%X
34331232;?utm_source=telegram%adv=public1J%VGW%5262%B
34214629;?utm_source=facebook%fbadv=source3R%WYI%7915%G
34277203;?utm_source=facebook%fbadv=source3O%YDP%8250%A
34343534;?utm_source=telegram%adv=public1U%DEH%3771%H
34421007;?utm_source=vkontakte%advert=group2Q%TQJ%2666%W
34312174;?utm_source=email%domain=gmailP%MTG%4119%G
34416474;?utm_source=email%domain=yandexM%JTL%9514%H
34348705;?utm_source=facebook%fbadv=source2D%NQH%4827%M
34371616;?utm_source=facebook%fbadv=source1E%BQB%2564%I
34343455;?utm_source=email%domain=gmailV%EEY%6735%N
34384985;?utm_source=instagram%placement=blogger1T%SNE%5131%Y
34378878;?utm_source=email%domain=gmailR%DRM%4127%W
34306047;?utm_source=vkontakte%advert=group1B%UHP%8208%G
34347503;?utm_source=telegram%adv=public3Y%PJJ%6725%I
34374986;?utm_source=telegram%adv=public2M%XBC%8475%K
34342719;?utm_source=instagram%placement=blogger2C%RNI%3328%Y
34288227;?utm_source=instagram%placement=blogger1X%DIM%4988%G
34356846;?utm_source=instagram%placement=blogger2D%ZYA%9375%Z
34389089;?utm_source=telegram%adv=public3H%UNL%1229%H
34360666;?utm_source=vkontakte%advert=group1H%REW%6863%M
34238555;?utm_source=facebook%fbadv=source3P%GPF%6977%O
34238545;?utm_source=instagram%placement=blogger1H%FHW%5970%C
34393020;?utm_source=vkontakte%advert=group1H%REL%6781%P
34233057;?utm_source=instagram%placement=blogger1E%SVR%6149%R
34274071;?utm_source=instagram%placement=blogger2H%NLR%1952%Q
34372915;?utm_source=vkontakte%advert=group1Z%RAU%7705%C
34288184;?utm_source=telegram%adv=public3Z%AMD%7067%T
34363759;?utm_source=instagram%placement=blogger4H%LJM%6006%A
34374899;?utm_source=facebook%fbadv=source1V%LXS%9878%F
34399835;?utm_source=instagram%placement=blogger1D%CVF%7614%C
34310902;?utm_source=instagram%placement=blogger1W%FQJ%8475%T
34262130;?utm_source=facebook%fbadv=source2Q%OCF%5321%K
34365553;?utm_source=telegram%adv=public2S%JPX%1671%Q
34408429;?utm_source=instagram%placement=blogger3P%EPD%1899%R
34374532;?utm_source=facebook%fbadv=source3W%NZA%5849%P
34425106;?utm_source=facebook%fbadv=source1P%RQL%6855%O
34278902;?utm_source=instagram%placement=blogger3K%RJA%7352%H
34278183;?utm_source=telegram%adv=public2U%WBA%4254%M
34240035;?utm_source=facebook%fbadv=source2A%MSF%9707%M
34427555;?utm_source=instagram%placement=blogger1H%ARI%7038%N
34222716;?utm_source=instagram%placement=blogger4H%AZC%1758%C
34271743;?utm_source=telegram%adv=public3S%KMO%6346%B
34266351;?utm_source=telegram%adv=public3X%FVT%8623%F
34410499;?utm_source=facebook%fbadv=source3Z%EHK%5228%E
34232275;?utm_source=vkontakte%advert=group1E%ZXS%1495%Y
34386176;?utm_source=telegram%adv=public2P%DZV%9064%G
34232188;?utm_source=facebook%fbadv=source2N%LVS%1630%Y
34375446;?utm_source=instagram%placement=blogger4O%ROQ%5926%G
34236857;?utm_source=instagram%placement=blogger1H%CZE%9500%P
34219398;?utm_source=facebook%fbadv=source2M%EDN%3014%Q
34381362;?utm_source=instagram%placement=blogger2V%QXV%7369%E
34316910;?utm_source=instagram%placement=blogger1P%QNP%9205%J
34412879;?utm_source=telegram%adv=public1S%VLI%6558%P
34354072;?utm_source=telegram%adv=public1P%KFJ%2930%R
34334608;?utm_source=telegram%adv=public3V%OVA%7318%X
34397728;?utm_source=instagram%placement=blogger3P%VCW%5611%S
34360448;?utm_source=email%domain=gmailJ%KOD%7589%Z
34375950;?utm_source=instagram%placement=blogger1X%JWD%7501%R
34326460;?utm_source=vkontakte%advert=group2T%OBI%4284%T
34219238;?utm_source=instagram%placement=blogger4J%DZN%4337%V
34277524;?utm_source=instagram%placement=blogger3J%RGE%2598%E
34236743;?utm_source=instagram%placement=blogger1M%KMB%5106%T
34374224;?utm_source=facebook%fbadv=source2B%IRP%5462%M
34357123;?utm_source=email%domain=yandexK%UDR%7858%C
34399155;?utm_source=telegram%adv=public1X%GLY%4095%I
34374183;?utm_source=telegram%adv=public2T%VRL%3411%J
34278328;?utm_source=telegram%adv=public1W%PYP%3832%C
34317958;?utm_source=instagram%placement=blogger1L%IXV%2956%R
34280544;?utm_source=telegram%adv=public1V%SGT%6970%W
34339557;?utm_source=instagram%placement=blogger1W%MKU%2972%F
34254108;?utm_source=telegram%adv=public1H%AZX%9267%M
34374530;?utm_source=vkontakte%advert=group2H%BEU%9543%N
34388454;?utm_source=email%domain=outlookT%ZLG%1530%F
34382820;?utm_source=telegram%adv=public3U%ZNJ%6949%H
34229802;?utm_source=instagram%placement=blogger1I%IZD%5929%C
34279224;?utm_source=facebook%fbadv=source3A%CCM%4302%R
34218358;?utm_source=instagram%placement=blogger4T%JPN%4795%J
34411017;?utm_source=telegram%adv=public1O%VTP%9535%X
34296988;?utm_source=email%domain=gmailE%DCS%5458%E
34291991;?utm_source=instagram%placement=blogger4N%WBM%2292%L
34220569;?utm_source=instagram%placement=blogger2J%SLD%4808%Y
34357302;?utm_source=facebook%fbadv=source3V%UOF%7075%C
34356945;?utm_source=facebook%fbadv=source1J%RON%5279%E
34310530;?utm_source=vkontakte%advert=group2D%XDW%7730%F
34331713;?utm_source=vkontakte%advert=group1U%KNE%8530%M
34357009;?utm_source=vkontakte%advert=group1B%LAB%8329%J
34262570;?utm_source=telegram%adv=public2H%WGJ%3858%F
34232198;?utm_source=instagram%placement=blogger4U%CAK%8779%E
34372909;?utm_source=email%domain=yandexH%PRO%8212%A
34362565;?utm_source=instagram%placement=blogger3P%WWM%6364%I
34260921;?utm_source=telegram%adv=public1J%IUJ%7246%E
34428917;?utm_source=facebook%fbadv=source1W%RZN%6239%P
34377446;?utm_source=instagram%placement=blogger1R%YVF%4819%L
34217126;?utm_source=telegram%adv=public1K%EIR%5136%W
34330971;?utm_source=instagram%placement=blogger1M%FCN%2306%I
34431136;?utm_source=email%domain=yandexY%ASO%6222%Y
34415887;?utm_source=facebook%fbadv=source3Y%PXB%7289%R
34320789;?utm_source=vkontakte%advert=group2P%DFM%2469%J
34346588;?utm_source=email%domain=yandexE%TNX%3933%X
34327711;?utm_source=facebook%fbadv=source3J%SLT%3032%F
34237063;?utm_source=telegram%adv=public2I%ACB%5572%I
34315408;?utm_source=email%domain=gmailE%VZH%5865%C
34274200;?utm_source=facebook%fbadv=source1O%IPR%3432%B
34323742;?utm_source=instagram%placement=blogger4T%TTT%2819%F
34337114;?utm_source=telegram%adv=public3Z%SZO%8903%C
34310328;?utm_source=vkontakte%advert=group3I%UJN%8099%X
34276316;?utm_source=instagram%placement=blogger3J%ALN%7139%A
34264244;?utm_source=facebook%fbadv=source3K%WZT%7367%O
34257403;?utm_source=instagram%placement=blogger1N%UIH%4639%P
34320674;?utm_source=instagram%placement=blogger2Z%HJM%4360%F
34315827;?utm_source=facebook%fbadv=source3M%KDE%7973%R
34324626;?utm_source=instagram%placement=blogger3Y%TDT%7463%P
34351718;?utm_source=instagram%placement=blogger1Q%XUB%9011%H
34314730;?utm_source=instagram%placement=blogger2U%YMR%9495%R
34407206;?utm_source=instagram%placement=blogger3F%AXO%7316%P
34307986;?utm_source=facebook%fbadv=source1F%CKX%1948%A
34381842;?utm_source=vkontakte%advert=group1F%KGM%8925%B
34310257;?utm_source=instagram%placement=blogger1Q%NFJ%7404%H
34378362;?utm_source=telegram%adv=public1S%TUM%8855%D
34273404;?utm_source=vkontakte%advert=group1P%MYX%9007%P
34401910;?utm_source=telegram%adv=public2A%VFW%2103%D
34293225;?utm_source=instagram%placement=blogger1H%IHN%4130%R
34316732;?utm_source=telegram%adv=public2K%AXI%4938%O
34216088;?utm_source=instagram%placement=blogger2R%UZF%8113%C
34242445;?utm_source=vkontakte%advert=group1S%QVF%4286%S
34418527;?utm_source=facebook%fbadv=source2K%WDW%4399%E
34350838;?utm_source=instagram%placement=blogger3T%QWE%4948%L
34316540;?utm_source=facebook%fbadv=source3L%TZX%1557%B
34302379;?utm_source=email%domain=gmailZ%IWA%2717%I
34370922;?utm_source=telegram%adv=public2T%LHC%8572%L
34375758;?utm_source=telegram%adv=public1L%MZW%2039%K
34361594;?utm_source=instagram%placement=blogger3F%YEV%7435%E
34333276;?utm_source=vkontakte%advert=group3E%SYR%9262%I
34293434;?utm_source=telegram%adv=public3L%WGV%1602%Y
34361155;?utm_source=vkontakte%advert=group2Z%PFE%7612%H
34267023;?utm_source=facebook%fbadv=source2T%BJC%3901%P
34296043;?utm_source=telegram%adv=public3G%FQY%7043%L
34311273;?utm_source=email%domain=yandexB%DXS%2546%K
34379041;?utm_source=facebook%fbadv=source2U%RTL%4311%T
34397314;?utm_source=email%domain=gmailE%HVC%1363%R
34409122;?utm_source=telegram%adv=public2S%YHO%6900%Q
34270421;?utm_source=telegram%adv=public1U%SKH%8253%S
34286981;?utm_source=instagram%placement=blogger1Y%GJZ%5127%X
34307649;?utm_source=instagram%placement=blogger3W%JYU%9440%S
34305880;?utm_source=telegram%adv=public3D%ROO%9661%I
34266821;?utm_source=facebook%fbadv=source2I%SMD%4064%D
34239101;?utm_source=vkontakte%advert=group2I%YIM%4484%C
34387897;?utm_source=facebook%fbadv=source2H%IVN%2144%N
34397344;?utm_source=instagram%placement=blogger1T%QCR%4688%L
34392028;?utm_source=telegram%adv=public2J%VAT%1748%O
34247856;?utm_source=email%domain=yandexS%EDI%9494%Q
34367895;?utm_source=instagram%placement=blogger1R%VZN%6015%C
34296932;?utm_source=vkontakte%advert=group2Q%VAI%6343%M
34421341;?utm_source=facebook%fbadv=source1V%GOP%2783%B
34223746;?utm_source=instagram%placement=blogger4K%NHM%1251%F
34386258;?utm_source=instagram%placement=blogger1H%SYP%1317%L
34223810;?utm_source=facebook%fbadv=source3I%FCJ%6500%W
34424477;?utm_source=vkontakte%advert=group1V%YRE%9976%N
34218902;?utm_source=email%domain=outlookE%BRC%6103%G
34326970;?utm_source=telegram%adv=public1O%JTC%6651%U
34240347;?utm_source=vkontakte%advert=group2R%RDU%4295%U
34348111;?utm_source=telegram%adv=public2N%QFR%4595%E
34355819;?utm_source=vkontakte%advert=group3R%EXW%6055%X
34233379;?utm_source=telegram%adv=public3J%PEE%7979%H
34368949;?utm_source=facebook%fbadv=source1K%WSY%4556%Z
34405958;?utm_source=facebook%fbadv=source2G%ACL%4080%L
34320875;?utm_source=vkontakte%advert=group1W%RSD%9390%U
34214695;?utm_source=facebook%fbadv=source3A%UUM%8956%Y
34310924;?utm_source=email%domain=yandexQ%FXI%3543%X
34371078;?utm_source=facebook%fbadv=source3L%ZBM%9217%F
34415331;?utm_source=instagram%placement=blogger1N%ZJC%4704%G
34369517;?utm_source=instagram%placement=blogger3Y%DVW%9151%I
34250518;?utm_source=facebook%fbadv=source1U%BAM%8989%S
34247557;?utm_source=email%domain=yandexP%EFM%8619%O
34383540;?utm_source=instagram%placement=blogger1C%LXR%7087%Z
34237764;?utm_source=email%domain=yandexG%SXO%6785%D
34321002;?utm_source=instagram%placement=blogger4X%FFX%1810%W
34293356;?utm_source=telegram%adv=public1G%HZJ%5342%J
34418821;?utm_source=facebook%fbadv=source1Q%YQM%5857%M
34415544;?utm_source=vkontakte%advert=group2J%SZW%9855%B
34285699;?utm_source=facebook%fbadv=source1B%HJD%1633%D
34351334;?utm_source=email%domain=gmailX%YUE%7748%F
34384432;?utm_source=telegram%adv=public1J%HMD%1415%V
34418424;?utm_source=facebook%fbadv=source1E%VQJ%6932%K
34394348;?utm_source=email%domain=outlookC%CGS%2350%C
34353868;?utm_source=instagram%placement=blogger2L%LVG%1211%J
34289678;?utm_source=instagram%placement=blogger3D%YGQ%6861%E
34388341;?utm_source=facebook%fbadv=source3A%QDX%2703%X
34254058;?utm_source=vkontakte%advert=group3J%MIT%3976%Q
34339010;?utm_source=telegram%adv=public3P%WOK%1296%H
34234990;?utm_source=telegram%adv=public1F%AAU%6175%U
34388891;?utm_source=email%domain=yandexF%PML%8178%U
34402164;?utm_source=vkontakte%advert=group2U%YOD%2896%T
34318910;?utm_source=facebook%fbadv=source1Q%YOA%8580%R
34357629;?utm_source=instagram%placement=blogger1P%TXZ%9524%N
34407770;?utm_source=instagram%placement=blogger4Z%BOZ%7594%T
34260279;?utm_source=telegram%adv=public1Q%HZP%2014%M
34284942;?utm_source=facebook%fbadv=source1M%YFH%8960%S
34216905;?utm_source=telegram%adv=public2J%HEN%5292%H
34385422;?utm_source=telegram%adv=public1D%CGF%8766%Z
34306862;?utm_source=telegram%adv=public1P%NJJ%8922%A
34350912;?utm_source=facebook%fbadv=source1W%VEB%1233%F
34360933;?utm_source=instagram%placement=blogger3U%XJQ%5891%M
34410698;?utm_source=instagram%placement=blogger3E%CLQ%8268%I
34282926;?utm_source=facebook%fbadv=source1A%FIF%6591%J
34284125;?utm_source=facebook%fbadv=source2Z%LQS%3616%E
34323532;?utm_source=facebook%fbadv=source1J%YIU%7730%R
34306261;?utm_source=instagram%placement=blogger1M%VSN%3907%U
34340366;?utm_source=facebook%fbadv=source2L%BLK%5564%V
34333953;?utm_source=telegram%adv=public1X%XCL%2361%D
34343588;?utm_source=vkontakte%advert=group1W%MKP%9006%N
34297315;?utm_source=telegram%adv=public2U%BXW%4459%N
34292814;?utm_source=instagram%placement=blogger1I%YHG%7801%T
34222427;?utm_source=email%domain=outlookB%YLR%7132%R
34221565;?utm_source=instagram%placement=blogger4X%MPV%8179%O
34354653;?utm_source=instagram%placement=blogger2G%QSM%1428%S
34341282;?utm_source=instagram%placement=blogger4I%YGS%8102%Z
34413432;?utm_source=vkontakte%advert=group1U%JKJ%3712%T
34427337;?utm_source=vkontakte%advert=group2H%CMY%3246%M
34396598;?utm_source=vkontakte%advert=group1C%DUZ%3818%Q
34302722;?utm_source=instagram%placement=blogger3C%FMH%3735%U
34279141;?utm_source=instagram%placement=blogger1Z%XAI%3389%K
34419507;?utm_source=email%domain=yandexT%FZB%4559%J
34258230;?utm_source=instagram%placement=blogger3U%DIU%9653%B
34347581;?utm_source=telegram%adv=public2S%AUZ%4108%M
34423592;?utm_source=instagram%placement=blogger1Y%URT%9023%B
34291753;?utm_source=email%domain=gmailL%NOL%1834%M
34290609;?utm_source=telegram%adv=public3S%REV%1846%Q
34276073;?utm_source=instagram%placement=blogger3J%MPF%2423%B
34410489;?utm_source=facebook%fbadv=source1X%SFU%4565%E
34379483;?utm_source=vkontakte%advert=group2H%FNV%9395%O
34360584;?utm_source=telegram%adv=public1E%IEW%5594%X
34389482;?utm_source=instagram%placement=blogger1R%QUQ%4274%T
34220147;?utm_source=telegram%adv=public1T%KSM%5779%D
34411567;?utm_source=telegram%adv=public3A%YAA%5481%A
34236217;?utm_source=telegram%adv=public2Y%CHR%2018%S
34357909;?utm_source=telegram%adv=public1T%VHJ%7002%H
34292984;?utm_source=instagram%placement=blogger3N%PNT%7778%D
34383398;?utm_source=email%domain=gmailD%YIQ%5684%R
34417499;?utm_source=instagram%placement=blogger2R%GDF%5072%S
34407353;?utm_source=email%domain=gmailN%FXI%8619%T
34421414;?utm_source=facebook%fbadv=source1Y%VKX%2347%X
34233663;?utm_source=vkontakte%advert=group1G%QYI%6525%Y
34215043;?utm_source=facebook%fbadv=source3A%ELH%9275%M
34235434;?utm_source=vkontakte%advert=group1Q%YLF%8359%R
34365385;?utm_source=instagram%placement=blogger1E%JQE%7603%U
34370960;?utm_source=email%domain=gmailY%PNK%6195%E
34355226;?utm_source=instagram%placement=blogger3Z%XJM%4076%X
34364628;?utm_source=telegram%adv=public1F%MVK%2598%G
34317558;?utm_source=instagram%placement=blogger1P%IMX%1467%G
34311383;?utm_source=instagram%placement=blogger2C%SUT%5417%C
34362785;?utm_source=facebook%fbadv=source3E%WZT%3971%J
34432081;?utm_source=email%domain=yandexY%SYV%6129%G
34233039;?utm_source=telegram%adv=public3S%UCR%6657%X
34423716;?utm_source=telegram%adv=public1D%YKV%4189%B
34295809;?utm_source=instagram%placement=blogger2J%IFE%8673%N
34280118;?utm_source=email%domain=outlookL%WBD%2720%B
34312207;?utm_source=telegram%adv=public1M%HHM%5241%Y
34382826;?utm_source=vkontakte%advert=group1B%RJH%3361%D
34362847;?utm_source=instagram%placement=blogger3Z%SCS%5114%I
34371813;?utm_source=instagram%placement=blogger1W%TWJ%5853%B
34319118;?utm_source=telegram%adv=public2J%GUE%2497%G
34252233;?utm_source=instagram%placement=blogger1M%WLV%4646%M
34364897;?utm_source=telegram%adv=public2Q%UZU%7763%E
34248434;?utm_source=telegram%adv=public2J%WEZ%4215%A
34332310;?utm_source=instagram%placement=blogger2K%VJC%1607%U
34316976;?utm_source=facebook%fbadv=source3M%IZW%7306%C
34262926;?utm_source=instagram%placement=blogger2J%UPX%1136%U
34313275;?utm_source=telegram%adv=public1R%YYJ%7761%A
34343740;?utm_source=facebook%fbadv=source2B%YZX%2943%Q
34356877;?utm_source=facebook%fbadv=source2V%QOL%6090%M
34215556;?utm_source=instagram%placement=blogger3G%CCC%3833%X
34289222;?utm_source=email%domain=yandexK%ZOC%3961%M
34379423;?utm_source=facebook%fbadv=source1F%LKO%1958%R
34248227;?utm_source=facebook%fbadv=source2Z%TZJ%5494%Q
34364611;?utm_source=telegram%adv=public2L%MEJ%2406%C
34283417;?utm_source=email%domain=outlookP%MDC%2414%J
34278843;?utm_source=telegram%adv=public3W%YJC%1433%Y
34374150;?utm_source=telegram%adv=public1R%FHZ%7398%K
34346235;?utm_source=instagram%placement=blogger1S%KNK%4677%H
34232363;?utm_source=facebook%fbadv=source2C%SKD%9226%D
34236287;?utm_source=email%domain=yandexX%BMA%6469%W
34351555;?utm_source=instagram%placement=blogger1V%UJJ%7932%E
34377602;?utm_source=email%domain=yandexX%USS%2759%A
34326937;?utm_source=facebook%fbadv=source2S%GOX%1027%A
34237350;?utm_source=facebook%fbadv=source2V%NOM%9561%Q
34287467;?utm_source=instagram%placement=blogger1U%OLO%8600%K
34224804;?utm_source=instagram%placement=blogger1V%BZG%1461%G
34396287;?utm_source=instagram%placement=blogger1Z%UHJ%7364%S
34383915;?utm_source=telegram%adv=public3F%DGM%7731%A
34293412;?utm_source=email%domain=gmailR%ZMS%6068%U
34355873;?utm_source=instagram%placement=blogger1R%VEM%6991%Q
34333385;?utm_source=facebook%fbadv=source2M%DFB%3361%B
34292375;?utm_source=facebook%fbadv=source2I%WHD%5492%R
34284623;?utm_source=instagram%placement=blogger4Q%ERQ%8900%W
34415305;?utm_source=telegram%adv=public2C%BUC%4859%A
34272993;?utm_source=instagram%placement=blogger1Q%EBV%6204%U
34382260;?utm_source=facebook%fbadv=source2B%QKY%2405%K
34335908;?utm_source=vkontakte%advert=group1E%HDB%1686%P
34235154;?utm_source=email%domain=yandexA%NPN%5626%R
34222014;?utm_source=instagram%placement=blogger3R%LIZ%3149%K
34362990;?utm_source=instagram%placement=blogger4R%FXE%5344%B
34338755;?utm_source=instagram%placement=blogger2Y%KZF%7691%Z
34345681;?utm_source=instagram%placement=blogger4S%LOT%6795%K
34416088;?utm_source=telegram%adv=public3Y%OUX%6656%C
34285262;?utm_source=telegram%adv=public2S%ETR%3523%K
34390074;?utm_source=facebook%fbadv=source1W%RPR%3684%L
34427367;?utm_source=telegram%adv=public1N%KKX%3334%U
34229792;?utm_source=telegram%adv=public1W%HTX%3984%F
34321479;?utm_source=telegram%adv=public3R%FVN%5412%D
34428614;?utm_source=instagram%placement=blogger1N%MAM%7907%S
34384532;?utm_source=telegram%adv=public3S%BGR%6868%S
34236934;?utm_source=facebook%fbadv=source3W%AYW%5780%R
34374121;?utm_source=telegram%adv=public2X%KBB%9250%P
34378788;?utm_source=facebook%fbadv=source3M%HNI%3341%J
34254352;?utm_source=facebook%fbadv=source3D%CNE%2800%Z
34300587;?utm_source=telegram%adv=public3R%IKN%1505%S
34265777;?utm_source=facebook%fbadv=source3C%DRQ%9275%N
34402202;?utm_source=vkontakte%advert=group2S%WPE%9668%I
34294114;?utm_source=instagram%placement=blogger4I%XEA%1725%W
34229775;?utm_source=instagram%placement=blogger4K%TSM%6228%T
34342013;?utm_source=instagram%placement=blogger2O%VRP%7565%B
34404524;?utm_source=email%domain=gmailE%LJX%7595%J
34373699;?utm_source=telegram%adv=public2Y%KSD%5089%S
34375457;?utm_source=facebook%fbadv=source3Y%LSY%9602%N
34277950;?utm_source=telegram%adv=public2H%RGY%9857%D
34403262;?utm_source=vkontakte%advert=group3L%TXE%7966%Q
34304162;?utm_source=instagram%placement=blogger2Q%GRV%1073%R
34357818;?utm_source=telegram%adv=public2E%ENV%3372%I
34393892;?utm_source=instagram%placement=blogger1U%RCV%6184%U
34313497;?utm_source=instagram%placement=blogger3E%MUS%5293%L
34364740;?utm_source=instagram%placement=blogger2P%YPN%9960%D
34336376;?utm_source=email%domain=yandexK%CGZ%4918%A
34336983;?utm_source=telegram%adv=public1I%EJN%1633%A
34256327;?utm_source=facebook%fbadv=source3Q%PWO%7571%T
34391554;?utm_source=telegram%adv=public2D%MJR%5240%C
34313034;?utm_source=telegram%adv=public2G%KQL%7597%C
34271867;?utm_source=facebook%fbadv=source2B%HKH%1342%I
34279318;?utm_source=telegram%adv=public1N%BNR%6073%F
34369174;?utm_source=facebook%fbadv=source3D%YXZ%7266%T
34319025;?utm_source=vkontakte%advert=group3X%XYY%1863%X
34296372;?utm_source=instagram%placement=blogger4A%DDN%6627%Y
34317836;?utm_source=telegram%adv=public2T%JHO%9555%G
34385988;?utm_source=instagram%placement=blogger2Z%CMD%9499%L
34371022;?utm_source=instagram%placement=blogger1I%YXA%1202%P
34395609;?utm_source=instagram%placement=blogger1X%IUD%6119%V
34238217;?utm_source=email%domain=gmailX%QHW%4563%R
34244057;?utm_source=instagram%placement=blogger3B%NBY%5593%T
34382181;?utm_source=instagram%placement=blogger2B%QVF%2630%Z
34304407;?utm_source=instagram%placement=blogger4X%SDT%4768%C
34255704;?utm_source=vkontakte%advert=group2K%FRP%9356%V
34377376;?utm_source=facebook%fbadv=source2R%GIQ%7367%Z
34397577;?utm_source=instagram%placement=blogger2M%CMS%7732%Y
34385560;?utm_source=telegram%adv=public2H%PQN%5154%J
34263112;?utm_source=instagram%placement=blogger3U%MMY%5850%E
34385419;?utm_source=vkontakte%advert=group2S%NLP%2525%T
34374827;?utm_source=telegram%adv=public1D%EEP%6312%D
34288563;?utm_source=instagram%placement=blogger3T%YGU%6803%W
34280046;?utm_source=instagram%placement=blogger4N%OHF%3023%N
34266404;?utm_source=telegram%adv=public2P%SYS%5066%F
34364462;?utm_source=telegram%adv=public1I%ZWB%7519%G
34420428;?utm_source=instagram%placement=blogger4R%IES%7849%X
34302703;?utm_source=instagram%placement=blogger1J%IYX%8332%D
34398442;?utm_source=instagram%placement=blogger4O%SCG%5914%L
34322369;?utm_source=instagram%placement=blogger1U%YQL%7873%N
34270037;?utm_source=vkontakte%advert=group3P%POV%3315%H
34227594;?utm_source=telegram%adv=public1H%KJN%5899%V
34335597;?utm_source=instagram%placement=blogger1E%HPI%5231%Q
34301213;?utm_source=telegram%adv=public2M%CEP%7415%D
34368001;?utm_source=vkontakte%advert=group3T%WSO%7094%D
34333022;?utm_source=facebook%fbadv=source1E%SKC%2438%T
34281999;?utm_source=vkontakte%advert=group1Q%TQR%9615%Y
34338638;?utm_source=telegram%adv=public3S%VAI%7390%Z
34315027;?utm_source=facebook%fbadv=source2C%PSG%7626%K
34331278;?utm_source=email%domain=yandexO%PCU%6288%P
34389895;?utm_source=email%domain=outlookV%OHR%3673%T
34284333;?utm_source=instagram%placement=blogger4T%ETD%4236%W
34395749;?utm_source=instagram%placement=blogger1R%NBB%8377%B
34357191;?utm_source=telegram%adv=public1E%YUC%3349%H
34280814;?utm_source=email%domain=yandexE%FVN%6676%D
34423930;?utm_source=email%domain=yandexK%XEC%3316%B
34333468;?utm_source=telegram%adv=public2T%UVG%2805%Y
34217988;?utm_source=vkontakte%advert=group3V%QHD%8550%U
34392950;?utm_source=instagram%placement=blogger1E%HEY%1061%D
34373500;?utm_source=facebook%fbadv=source2J%WKT%9589%J
34256630;?utm_source=telegram%adv=public2L%KWV%1668%L
34218643;?utm_source=telegram%adv=public2Z%IUB%1099%B
34280080;?utm_source=instagram%placement=blogger1Z%CTD%3400%V
34289630;?utm_source=telegram%adv=public2F%EJZ%8733%R
34238810;?utm_source=facebook%fbadv=source2P%UTX%1154%B
34256406;?utm_source=instagram%placement=blogger2N%WIN%8096%E
34334256;?utm_source=instagram%placement=blogger1W%VEE%8223%L
34276423;?utm_source=facebook%fbadv=source1S%BXD%7533%M
34429609;?utm_source=telegram%adv=public1U%NIW%1682%A
34297418;?utm_source=instagram%placement=blogger2G%DFG%4558%B
34393716;?utm_source=email%domain=yandexF%CEQ%9913%G
34234744;?utm_source=instagram%placement=blogger1L%QDO%1025%G
34300795;?utm_source=email%domain=yandexU%CSF%5348%V
34308327;?utm_source=vkontakte%advert=group1J%DAW%3777%F
34349977;?utm_source=instagram%placement=blogger1D%QAI%4048%S
34260555;?utm_source=instagram%placement=blogger2E%FTW%2252%H
34393221;?utm_source=telegram%adv=public2Z%THL%2099%R
34337105;?utm_source=telegram%adv=public3U%WJL%1165%F
34366299;?utm_source=telegram%adv=public1E%XLM%2849%U
34400690;?utm_source=instagram%placement=blogger3J%YFO%3801%Z
34422702;?utm_source=instagram%placement=blogger4L%AIF%2004%M
34338470;?utm_source=instagram%placement=blogger1I%CAX%6211%F
34300610;?utm_source=facebook%fbadv=source2N%DMM%4747%B
34420903;?utm_source=instagram%placement=blogger2A%DYR%8435%J
34375200;?utm_source=facebook%fbadv=source2J%HGX%1222%J
34330684;?utm_source=telegram%adv=public2I%MFV%9440%C
34406772;?utm_source=instagram%placement=blogger1A%IEW%9394%O
34228590;?utm_source=instagram%placement=blogger4P%SBF%8883%T
34236815;?utm_source=facebook%fbadv=source3Q%DML%9800%P
34256898;?utm_source=instagram%placement=blogger4D%VQH%5926%B
34260293;?utm_source=telegram%adv=public1L%JLE%2643%E
34291421;?utm_source=vkontakte%advert=group1S%DID%5976%I
34321786;?utm_source=instagram%placement=blogger1A%DNP%6316%Q
34369687;?utm_source=email%domain=gmailJ%WDR%3820%E
34371639;?utm_source=telegram%adv=public2D%REL%4651%Y
34350944;?utm_source=instagram%placement=blogger3W%OKM%7295%N
34265667;?utm_source=facebook%fbadv=source2I%IFV%9380%P
34299191;?utm_source=email%domain=outlookE%BOA%8751%H
34258894;?utm_source=facebook%fbadv=source2O%KBG%4049%M
34354053;?utm_source=instagram%placement=blogger3T%BAE%6798%C
34397350;?utm_source=instagram%placement=blogger1X%QKS%3725%Y
34395806;?utm_source=instagram%placement=blogger4N%FQK%4952%C
34334644;?utm_source=instagram%placement=blogger3E%KVB%6747%B
34420878;?utm_source=instagram%placement=blogger3X%OTM%4880%M
34377015;?utm_source=email%domain=gmailT%EME%2109%I
34335492;?utm_source=telegram%adv=public1A%QJP%7258%B
34431221;?utm_source=instagram%placement=blogger4N%PLK%7291%F
34313867;?utm_source=telegram%adv=public1S%GQP%5207%Z
34430671;?utm_source=vkontakte%advert=group1T%NWD%2802%V
34221814;?utm_source=facebook%fbadv=source3K%ODV%6329%J
34430147;?utm_source=telegram%adv=public2G%EUW%1797%O
34421495;?utm_source=facebook%fbadv=source1T%OIA%5973%S
34302749;?utm_source=email%domain=gmailW%GLZ%6704%W
34385550;?utm_source=instagram%placement=blogger4Y%DTS%5301%J
34222962;?utm_source=instagram%placement=blogger2W%GXI%6534%R
34218884;?utm_source=facebook%fbadv=source2R%MFV%5363%O
34325647;?utm_source=facebook%fbadv=source3R%EJB%4868%E
34239813;?utm_source=telegram%adv=public1H%JAF%9433%W
34261580;?utm_source=telegram%adv=public3R%EAL%9788%P
34266033;?utm_source=vkontakte%advert=group3Z%IKK%6183%K
34286779;?utm_source=email%domain=gmailL%YTB%3819%A
34406906;?utm_source=facebook%fbadv=source3Q%PGL%4590%Z
34412968;?utm_source=facebook%fbadv=source3X%NZP%4112%W
34291125;?utm_source=facebook%fbadv=source3H%NUQ%4119%M
34322153;?utm_source=telegram%adv=public3I%QDX%8153%K
34216431;?utm_source=telegram%adv=public1Z%CNG%5962%Q
34277673;?utm_source=instagram%placement=blogger1E%RSM%4473%A
34409825;?utm_source=facebook%fbadv=source2W%ZKK%5181%X
34420526;?utm_source=instagram%placement=blogger1F%FDV%2220%F
34219822;?utm_source=email%domain=gmailU%GMK%7451%F
34293227;?utm_source=vkontakte%advert=group3H%GAC%5956%Y
34236749;?utm_source=instagram%placement=blogger3D%HFB%4744%D
34428860;?utm_source=email%domain=outlookM%SML%3237%R
34292629;?utm_source=telegram%adv=public1T%TBN%7916%G
34409073;?utm_source=instagram%placement=blogger1I%ZXY%7101%N
34296824;?utm_source=telegram%adv=public1V%LMW%5168%H
34291639;?utm_source=facebook%fbadv=source2X%NWU%5425%S
34348756;?utm_source=vkontakte%advert=group2B%BVH%2406%B
34385723;?utm_source=vkontakte%advert=group2O%PCL%1223%V
34324357;?utm_source=facebook%fbadv=source3B%LAE%5849%G
34364253;?utm_source=vkontakte%advert=group1M%AEL%1004%J
34416318;?utm_source=telegram%adv=public3Y%SSN%8425%N
34227891;?utm_source=instagram%placement=blogger1B%RCW%5773%F
34323708;?utm_source=instagram%placement=blogger2W%JMA%6799%I
34369647;?utm_source=facebook%fbadv=source2V%KXI%5503%Y
34372540;?utm_source=instagram%placement=blogger2A%RWS%4508%T
34269452;?utm_source=telegram%adv=public2V%UXF%9257%Q
34376073;?utm_source=telegram%adv=public1C%WOL%6124%A
34386244;?utm_source=telegram%adv=public1Y%GIK%8827%R
34315514;?utm_source=telegram%adv=public2X%YZK%6854%O
34315936;?utm_source=instagram%placement=blogger1Q%QKC%5145%W
34223460;?utm_source=instagram%placement=blogger3P%YXF%6438%Y
34381778;?utm_source=telegram%adv=public1Y%UCE%8245%T
34427945;?utm_source=email%domain=gmailV%BGV%2293%P
34300823;?utm_source=email%domain=gmailB%GBT%4919%A
34292291;?utm_source=instagram%placement=blogger2Q%RDT%3205%X
34311790;?utm_source=facebook%fbadv=source2Y%XDR%9419%K
34272134;?utm_source=vkontakte%advert=group2G%NAB%7142%R
34372603;?utm_source=instagram%placement=blogger3C%QIG%9748%K
34321083;?utm_source=email%domain=gmailV%MKN%7544%L
34246096;?utm_source=facebook%fbadv=source3X%NHX%5427%O
34334711;?utm_source=instagram%placement=blogger1G%QLR%9270%A
34360962;?utm_source=email%domain=yandexD%AFT%9190%A
34320091;?utm_source=telegram%adv=public1D%TVG%5488%M
34228510;?utm_source=instagram%placement=blogger2E%IZS%9208%B
34229911;?utm_source=telegram%adv=public1W%HPB%1013%U
34317015;?utm_source=instagram%placement=blogger1Z%VRQ%3193%W
34245308;?utm_source=facebook%fbadv=source2X%SBU%8649%M
34328884;?utm_source=vkontakte%advert=group3M%DKL%3505%W
34423719;?utm_source=instagram%placement=blogger4Q%JTJ%4653%T
34412000;?utm_source=instagram%placement=blogger1J%ZBI%4627%M
34286922;?utm_source=instagram%placement=blogger1E%HMP%7607%Q
34343846;?utm_source=facebook%fbadv=source3M%XZA%5284%V
34302040;?utm_source=telegram%adv=public3A%LLD%6596%N
34377064;?utm_source=telegram%adv=public1H%BXA%3990%J
34349271;?utm_source=telegram%adv=public2U%DXE%2320%R
34406011;?utm_source=instagram%placement=blogger2H%TRE%8288%N
34225940;?utm_source=telegram%adv=public2N%QQO%5354%O
34365817;?utm_source=telegram%adv=public1M%GPA%1410%B
34389773;?utm_source=email%domain=gmailX%NIK%8848%J
34219603;?utm_source=facebook%fbadv=source2F%VNO%2986%C
34307462;?utm_source=instagram%placement=blogger1C%LKX%1506%Q
34360017;?utm_source=instagram%placement=blogger3O%ZWA%8678%Y
34307384;?utm_source=facebook%fbadv=source1K%NTV%4604%U
34247376;?utm_source=telegram%adv=public1U%MFD%1892%L
34315533;?utm_source=instagram%placement=blogger3Z%HZP%4302%J
34334572;?utm_source=instagram%placement=blogger2H%IIG%3544%Q
34249372;?utm_source=instagram%placement=blogger2N%RDN%9416%P
34403115;?utm_source=instagram%placement=blogger4L%OPI%7226%R
34392616;?utm_source=instagram%placement=blogger1Y%VLW%9668%P
34308016;?utm_source=vkontakte%advert=group1Z%HJJ%8231%P
34346605;?utm_source=email%domain=outlookD%IEK%7388%H
34380595;?utm_source=instagram%placement=blogger1N%KIX%3001%G
34425006;?utm_source=instagram%placement=blogger1V%SUP%8962%P
34393066;?utm_source=email%domain=outlookY%GYH%8523%J
34347051;?utm_source=instagram%placement=blogger2C%HRP%1623%R
34218509;?utm_source=telegram%adv=public3T%OIV%6932%O
34407361;?utm_source=facebook%fbadv=source3S%FUN%2170%T
34313732;?utm_source=facebook%fbadv=source1Y%KWD%6545%O
34311382;?utm_source=facebook%fbadv=source1U%BBF%6704%I
34366606;?utm_source=facebook%fbadv=source3P%GUA%8619%A
34325718;?utm_source=facebook%fbadv=source1N%VSD%1123%W
34424686;?utm_source=email%domain=yandexL%TQM%5090%K
34242435;?utm_source=facebook%fbadv=source3O%LDH%4897%V
34321881;?utm_source=telegram%adv=public3R%JBO%3727%U
34215765;?utm_source=email%domain=outlookG%TMQ%8899%N
34429547;?utm_source=instagram%placement=blogger2D%DLK%2714%N
34340417;?utm_source=instagram%placement=blogger1M%HPG%4689%Y
34353172;?utm_source=instagram%placement=blogger3Z%BAS%4103%H
34288890;?utm_source=instagram%placement=blogger1Z%DBW%9690%Q
34363247;?utm_source=instagram%placement=blogger1U%EWL%1341%O
34305696;?utm_source=telegram%adv=public2Z%OGY%5251%T
34370113;?utm_source=facebook%fbadv=source3O%YOB%7260%V
34411864;?utm_source=instagram%placement=blogger1M%HZM%1261%H
34390983;?utm_source=instagram%placement=blogger1M%AWI%9095%C
34268253;?utm_source=facebook%fbadv=source3U%GQD%9256%T
34398511;?utm_source=email%domain=gmailW%GDX%7062%C
34343027;?utm_source=instagram%placement=blogger4F%USI%9131%P
34330504;?utm_source=facebook%fbadv=source3V%GPO%1681%N
34342668;?utm_source=telegram%adv=public1H%IAW%6291%J
34329423;?utm_source=instagram%placement=blogger3V%FNR%9729%V
34263096;?utm_source=facebook%fbadv=source1I%FCU%6355%V
34420161;?utm_source=instagram%placement=blogger2H%LAH%5350%T
34377300;?utm_source=telegram%adv=public3U%AVN%6540%G
34349970;?utm_source=telegram%adv=public1Z%JIU%2070%L
34415004;?utm_source=email%domain=yandexX%LNP%5394%C
34429230;?utm_source=instagram%placement=blogger3A%OGR%9875%T
34283247;?utm_source=email%domain=outlookI%GBP%7800%A
34299494;?utm_source=telegram%adv=public2A%GEA%3916%F
34223507;?utm_source=facebook%fbadv=source3S%CWY%7768%M
34236099;?utm_source=vkontakte%advert=group2V%RHI%4456%P
34314637;?utm_source=instagram%placement=blogger3X%WJJ%2009%H
34393933;?utm_source=email%domain=yandexP%OLU%4845%F
34384621;?utm_source=telegram%adv=public1H%DPW%2944%D
34323724;?utm_source=instagram%placement=blogger1V%THX%2455%C
34229099;?utm_source=telegram%adv=public1B%ECD%1869%U
34323907;?utm_source=email%domain=outlookC%NQK%5456%Y
34290546;?utm_source=facebook%fbadv=source3E%NOM%8327%Y
34218260;?utm_source=vkontakte%advert=group2V%WPK%6844%A
34221501;?utm_source=email%domain=yandexU%ZYY%6880%P
34272591;?utm_source=instagram%placement=blogger1R%MYG%9768%R
34387688;?utm_source=telegram%adv=public3B%ACV%7334%L
34414816;?utm_source=email%domain=outlookD%AJW%1860%G
34238387;?utm_source=facebook%fbadv=source2N%WEF%4481%C
34326368;?utm_source=vkontakte%advert=group3L%MWB%1232%K
34377704;?utm_source=instagram%placement=blogger1W%WZS%4819%Z
34286617;?utm_source=email%domain=yandexS%YLZ%2673%L
34383233;?utm_source=telegram%adv=public1C%GGF%8334%K
34219112;?utm_source=telegram%adv=public2L%SGB%7569%F
34308749;?utm_source=telegram%adv=public1J%AYI%4772%F
34247526;?utm_source=telegram%adv=public1H%UOI%5451%R
34398609;?utm_source=telegram%adv=public1A%FTH%2794%I
34417164;?utm_source=email%domain=gmailI%RIE%1027%O
34317256;?utm_source=facebook%fbadv=source2S%KNX%2383%L
34265172;?utm_source=facebook%fbadv=source2W%ISO%9645%O
34299351;?utm_source=email%domain=gmailZ%ZFY%4067%F
34359953;?utm_source=email%domain=yandexA%UNU%8078%Y
34336440;?utm_source=vkontakte%advert=group2N%MHF%5818%S
34302133;?utm_source=facebook%fbadv=source3F%PRI%6360%R
34340738;?utm_source=facebook%fbadv=source3E%JHV%3522%F
34290213;?utm_source=facebook%fbadv=source2W%LUM%4859%F
34281992;?utm_source=vkontakte%advert=group1M%DAW%4992%G
34244225;?utm_source=telegram%adv=public2D%MQW%3695%C
34228971;?utm_source=telegram%adv=public1O%DJJ%7687%A
34261497;?utm_source=instagram%placement=blogger1Z%ZML%1523%Y
34273512;?utm_source=instagram%placement=blogger3S%CRD%5087%U
34351097;?utm_source=facebook%fbadv=source2C%XDM%2227%V
34300856;?utm_source=telegram%adv=public3Z%SUJ%9612%Q
34253272;?utm_source=vkontakte%advert=group1G%IPT%9516%Q
34216786;?utm_source=instagram%placement=blogger3P%OYJ%7692%H
34230263;?utm_source=facebook%fbadv=source3X%NUK%2733%H
34252796;?utm_source=facebook%fbadv=source2X%UDX%2737%R
34428027;?utm_source=instagram%placement=blogger2B%OVX%3848%R
34313849;?utm_source=email%domain=yandexT%ZNI%4109%P
34375775;?utm_source=facebook%fbadv=source3L%HKE%5719%A
34423208;?utm_source=email%domain=yandexL%HVN%1399%Y
34373672;?utm_source=instagram%placement=blogger1U%LTA%6499%R
34290901;?utm_source=email%domain=gmailH%VFO%2463%N
34244303;?utm_source=vkontakte%advert=group2F%VGU%3442%Y
34265290;?utm_source=instagram%placement=blogger4L%NHC%8441%M
34411531;?utm_source=instagram%placement=blogger1U%NEO%9164%V
34421927;?utm_source=email%domain=yandexT%ERM%6932%R
34414049;?utm_source=telegram%adv=public2M%EYK%1772%K
34376566;?utm_source=instagram%placement=blogger2I%LKY%6678%T
34333577;?utm_source=facebook%fbadv=source3W%EHR%2896%Q
34419590;?utm_source=email%domain=yandexV%BEJ%4853%H
34367654;?utm_source=instagram%placement=blogger1B%WKF%6471%K
34425646;?utm_source=instagram%placement=blogger1S%IFP%6713%N
34244794;?utm_source=email%domain=yandexP%HIS%5631%O
34275980;?utm_source=facebook%fbadv=source3A%EMJ%1071%Q
34419554;?utm_source=telegram%adv=public1C%JRT%3956%S
34363405;?utm_source=facebook%fbadv=source3N%GIB%3099%M
34240232;?utm_source=email%domain=outlookC%UAK%5564%F
34263159;?utm_source=telegram%adv=public1R%FTI%2372%D
34413129;?utm_source=telegram%adv=public2L%QHY%9396%T
34311986;?utm_source=instagram%placement=blogger3J%LUF%4466%J
34345166;?utm_source=telegram%adv=public1M%RXV%6503%U
34216342;?utm_source=email%domain=gmailC%QYG%6083%G
34285032;?utm_source=instagram%placement=blogger1W%WSA%8499%L
34348800;?utm_source=facebook%fbadv=source3T%DUE%3784%H
34363764;?utm_source=telegram%adv=public2Z%PRJ%5395%E
34270052;?utm_source=email%domain=outlookK%DOA%9929%C
34422546;?utm_source=instagram%placement=blogger1O%DMC%1113%B
34365575;?utm_source=telegram%adv=public3I%XJL%2313%A
34217319;?utm_source=facebook%fbadv=source3Y%SZG%2555%R
34416538;?utm_source=telegram%adv=public1P%ZGQ%4861%H
34407461;?utm_source=telegram%adv=public1N%OXS%9914%Q
34421101;?utm_source=email%domain=gmailV%MSZ%4146%O
34324237;?utm_source=instagram%placement=blogger2M%NQN%5696%P
34375376;?utm_source=email%domain=yandexJ%AGI%2929%B
34408555;?utm_source=instagram%placement=blogger1R%IBQ%9949%P
34260302;?utm_source=vkontakte%advert=group2T%DSH%2161%E
34395998;?utm_source=telegram%adv=public2R%UYW%4225%E
34268442;?utm_source=email%domain=outlookX%WWL%6667%J
34229491;?utm_source=instagram%placement=blogger4R%JXC%2441%S
34301352;?utm_source=instagram%placement=blogger2N%LPP%1200%C
34282835;?utm_source=email%domain=yandexV%TNG%5651%U
34342018;?utm_source=facebook%fbadv=source3L%RGM%3291%W
34350477;?utm_source=email%domain=gmailN%YOG%5458%L
34251060;?utm_source=telegram%adv=public1Y%SZU%2034%U
34363856;?utm_source=vkontakte%advert=group2R%MRK%7849%A
34275514;?utm_source=instagram%placement=blogger1Z%MDI%3363%D
34317656;?utm_source=telegram%adv=public1A%SMS%8847%M
34365777;?utm_source=instagram%placement=blogger2P%HFS%1604%K
34397981;?utm_source=email%domain=gmailI%RSR%7343%K
34301473;?utm_source=instagram%placement=blogger3C%ORZ%3016%A
34402236;?utm_source=vkontakte%advert=group2O%ZNB%7408%E
34355839;?utm_source=instagram%placement=blogger2F%ALP%7958%E
34428856;?utm_source=instagram%placement=blogger2V%OFK%9273%P
34411127;?utm_source=instagram%placement=blogger4P%UJB%4311%S
34307415;?utm_source=telegram%adv=public3L%VRE%2179%G
34280753;?utm_source=telegram%adv=public2D%ERA%7106%V
34274233;?utm_source=telegram%adv=public1W%ZUV%2354%V
34414477;?utm_source=telegram%adv=public2G%OLB%9890%H
34254793;?utm_source=instagram%placement=blogger1Q%KWJ%1520%E
34361578;?utm_source=instagram%placement=blogger1C%VNH%6044%P
34407391;?utm_source=email%domain=yandexN%EVY%6040%X
34393171;?utm_source=instagram%placement=blogger4W%XFV%9065%A
34393629;?utm_source=vkontakte%advert=group1M%DIZ%3864%P
34301209;?utm_source=telegram%adv=public2A%CMS%2427%V
34349884;?utm_source=telegram%adv=public1M%VGG%4844%W
34317495;?utm_source=vkontakte%advert=group2Y%RXF%3439%B
34377058;?utm_source=vkontakte%advert=group3J%RYJ%4726%C
34250801;?utm_source=email%domain=outlookZ%XHX%6245%F
34410740;?utm_source=facebook%fbadv=source2Q%YIE%4531%D
34276401;?utm_source=telegram%adv=public1E%NPW%9956%T
34251716;?utm_source=instagram%placement=blogger2W%IHE%5435%U
34308896;?utm_source=facebook%fbadv=source3B%RPF%4307%F
34272934;?utm_source=instagram%placement=blogger4I%UPN%3336%G
34264497;?utm_source=telegram%adv=public3J%PAJ%2119%K
34315694;?utm_source=instagram%placement=blogger3T%UVP%6828%P
34257838;?utm_source=facebook%fbadv=source1N%MQH%6335%Z
34287808;?utm_source=instagram%placement=blogger4A%BJG%1529%D
34371320;?utm_source=telegram%adv=public1Z%QWF%8241%H
34268048;?utm_source=email%domain=yandexO%LTW%2063%B
34243443;?utm_source=telegram%adv=public3X%RZC%7644%I
34338966;?utm_source=telegram%adv=public1G%EMD%1448%B
34315507;?utm_source=email%domain=gmailS%LNI%4072%V
34330547;?utm_source=facebook%fbadv=source3Y%ZZX%8376%W
34362601;?utm_source=instagram%placement=blogger2L%UFD%7062%C
34413215;?utm_source=email%domain=yandexR%JIF%9402%P
34214594;?utm_source=email%domain=outlookK%QDU%7900%H
34351076;?utm_source=vkontakte%advert=group1H%ZZG%3240%N
34228153;?utm_source=facebook%fbadv=source3V%HGH%6041%S
34254346;?utm_source=instagram%placement=blogger2D%CTB%6723%F
34232336;?utm_source=facebook%fbadv=source3P%HVD%2203%S
34347466;?utm_source=facebook%fbadv=source3D%ULM%5846%C
34417822;?utm_source=telegram%adv=public1Z%IFZ%7861%K
34375713;?utm_source=facebook%fbadv=source2V%AAO%5150%H
34409602;?utm_source=vkontakte%advert=group1Q%JDS%2965%B
34346172;?utm_source=instagram%placement=blogger1O%CYN%1007%G
34367357;?utm_source=email%domain=gmailQ%AUS%4776%U
34373197;?utm_source=facebook%fbadv=source3Y%WMA%3616%X
34367451;?utm_source=vkontakte%advert=group2V%OVZ%7741%Z
34263715;?utm_source=telegram%adv=public1J%ZXO%6431%Q
34389096;?utm_source=instagram%placement=blogger1Y%DXT%8209%G
34250327;?utm_source=instagram%placement=blogger2L%AHW%9652%G
34429342;?utm_source=telegram%adv=public1P%AJR%2878%S
34345008;?utm_source=telegram%adv=public2B%EME%5725%V
34277842;?utm_source=facebook%fbadv=source2A%OUB%7472%J
34313386;?utm_source=instagram%placement=blogger1S%MWK%1211%F
34310999;?utm_source=instagram%placement=blogger1K%WDO%5054%C
34359914;?utm_source=instagram%placement=blogger4D%IJI%5006%V
34359618;?utm_source=email%domain=yandexT%XHV%6456%B
34258028;?utm_source=instagram%placement=blogger3L%MQH%7119%K
34263415;?utm_source=telegram%adv=public1K%PVQ%8611%C
34368346;?utm_source=email%domain=gmailA%TOE%8631%Q
34322640;?utm_source=instagram%placement=blogger3V%BTF%4126%Y
34237488;?utm_source=telegram%adv=public1C%UBY%1742%S
34314594;?utm_source=email%domain=gmailZ%GMD%2051%O
34291130;?utm_source=telegram%adv=public3N%JGX%7096%K
34375974;?utm_source=email%domain=outlookG%MXH%5233%V
34372626;?utm_source=facebook%fbadv=source2S%UWX%3430%C
34338264;?utm_source=facebook%fbadv=source2K%FVO%2132%V
34330536;?utm_source=facebook%fbadv=source2B%XCB%5351%X
34364907;?utm_source=vkontakte%advert=group3Y%HVH%1965%W
34326199;?utm_source=telegram%adv=public2X%JFI%3174%R
34385364;?utm_source=telegram%adv=public1A%BYT%3202%B
34348154;?utm_source=instagram%placement=blogger3N%YER%6350%O
34288628;?utm_source=facebook%fbadv=source1H%GTI%4759%D
34301147;?utm_source=instagram%placement=blogger4E%ZUZ%2100%K
34303432;?utm_source=telegram%adv=public1O%VZS%5073%W
34377582;?utm_source=facebook%fbadv=source1O%UQD%2835%U
34379673;?utm_source=vkontakte%advert=group1F%LJN%2105%G
34296851;?utm_source=telegram%adv=public1I%BPG%2676%V
34330941;?utm_source=facebook%fbadv=source3P%KTE%4637%G
34292446;?utm_source=instagram%placement=blogger1I%KAB%1949%E
34340262;?utm_source=telegram%adv=public3W%AVN%9445%F
34350969;?utm_source=vkontakte%advert=group2B%IDX%2491%F
34234678;?utm_source=telegram%adv=public1Q%RSZ%6852%K
34408077;?utm_source=telegram%adv=public3I%NEK%3254%U
34331357;?utm_source=email%domain=yandexY%CBS%2552%F
34406529;?utm_source=email%domain=gmailD%QSI%5287%Z
34422654;?utm_source=facebook%fbadv=source3P%RLC%1757%Y
34406082;?utm_source=telegram%adv=public1L%FHE%2087%J
34241100;?utm_source=facebook%fbadv=source2S%QNH%2948%Z
34375549;?utm_source=telegram%adv=public2E%FNF%2500%T
34226186;?utm_source=facebook%fbadv=source2X%UFN%7724%B
34354695;?utm_source=telegram%adv=public2E%MFO%5357%L
34371182;?utm_source=email%domain=gmailW%WDK%9453%Q
34224052;?utm_source=facebook%fbadv=source2M%VIA%3876%J
34400282;?utm_source=instagram%placement=blogger1H%WTL%3188%L
34263840;?utm_source=telegram%adv=public3K%ATO%9202%G
34414544;?utm_source=facebook%fbadv=source2F%DRU%1031%H
34311564;?utm_source=instagram%placement=blogger2U%AGL%2038%G
34328495;?utm_source=email%domain=gmailV%LYW%3625%S
34259570;?utm_source=instagram%placement=blogger2K%ELH%9975%Z
34274167;?utm_source=facebook%fbadv=source2D%IHD%4602%H
34218711;?utm_source=facebook%fbadv=source2O%MMG%8062%F
34227112;?utm_source=vkontakte%advert=group2E%LLL%2507%E
34235982;?utm_source=email%domain=outlookS%TKT%3839%D
34378239;?utm_source=facebook%fbadv=source2G%BMO%1523%C
34428292;?utm_source=telegram%adv=public1T%JLI%5170%I
34256386;?utm_source=telegram%adv=public2F%OMY%8258%L
34307887;?utm_source=email%domain=yandexB%XOU%6106%N
34315080;?utm_source=vkontakte%advert=group1P%TWH%3482%T
34423893;?utm_source=telegram%adv=public2J%IRZ%5124%F
34340306;?utm_source=facebook%fbadv=source2K%OEV%4950%Y
34384940;?utm_source=telegram%adv=public1E%QPQ%5678%Q
34220673;?utm_source=facebook%fbadv=source2E%OXZ%4789%Z
34346827;?utm_source=vkontakte%advert=group2H%GNQ%5151%U
34393249;?utm_source=email%domain=gmailR%VTE%4091%H
34428506;?utm_source=email%domain=gmailG%AOB%5974%M
34415955;?utm_source=facebook%fbadv=source1V%JXA%5823%D
34248733;?utm_source=email%domain=gmailE%GOU%5398%R
34284169;?utm_source=facebook%fbadv=source2O%MPS%6503%Y
34338532;?utm_source=instagram%placement=blogger3K%TPN%2339%R
34375738;?utm_source=instagram%placement=blogger1U%BLE%9446%N
34261713;?utm_source=facebook%fbadv=source3A%DQV%2643%M
34419733;?utm_source=telegram%adv=public1W%VTQ%8417%K
34228746;?utm_source=instagram%placement=blogger1Q%VQM%7234%E
34292422;?utm_source=instagram%placement=blogger1V%OXT%3349%U
34243398;?utm_source=email%domain=yandexM%VMO%1980%C
34375093;?utm_source=facebook%fbadv=source3B%ZJC%6301%H
34380802;?utm_source=facebook%fbadv=source2H%ALZ%2899%J
34299714;?utm_source=instagram%placement=blogger1F%RXW%4562%D
34413894;?utm_source=facebook%fbadv=source2O%DTV%8575%Z
34320681;?utm_source=telegram%adv=public1K%TJZ%3696%L
34234117;?utm_source=facebook%fbadv=source3Q%LOA%4238%A
34305401;?utm_source=vkontakte%advert=group1W%XGL%7921%P
34374701;?utm_source=telegram%adv=public2E%MYJ%2662%V
34370916;?utm_source=telegram%adv=public1N%GXX%8109%P
34240684;?utm_source=vkontakte%advert=group2T%WTZ%1232%T
34417862;?utm_source=vkontakte%advert=group1C%LXA%1390%N
34282749;?utm_source=telegram%adv=public1A%YTU%2041%O
34294410;?utm_source=vkontakte%advert=group1T%RQD%7035%W
34325526;?utm_source=telegram%adv=public3L%ORT%2435%S
34284465;?utm_source=telegram%adv=public3W%WUX%2930%R
34426828;?utm_source=telegram%adv=public2R%WFH%6148%R
34313889;?utm_source=instagram%placement=blogger2J%VHO%1256%K
34334621;?utm_source=telegram%adv=public1J%IIK%7128%H
34282564;?utm_source=telegram%adv=public3K%VIO%5259%L
34356824;?utm_source=facebook%fbadv=source3I%KFU%5345%O
34393682;?utm_source=telegram%adv=public1G%HDD%3432%I
34293099;?utm_source=instagram%placement=blogger4Z%JBZ%1863%D
34302830;?utm_source=facebook%fbadv=source2T%CSP%8417%S
34233871;?utm_source=instagram%placement=blogger1R%SDX%7929%A
34356686;?utm_source=email%domain=yandexX%NNL%1355%O
34291591;?utm_source=email%domain=gmailV%XJU%2446%Y
34260063;?utm_source=instagram%placement=blogger1X%EVL%8095%M
34233190;?utm_source=vkontakte%advert=group1F%WJW%7883%C
34295793;?utm_source=email%domain=outlookQ%IWF%3879%Q
34256582;?utm_source=instagram%placement=blogger4M%LOH%9958%M
34424109;?utm_source=instagram%placement=blogger3W%DWN%2256%D
34332884;?utm_source=vkontakte%advert=group2Z%AXB%5059%R
34417781;?utm_source=telegram%adv=public1M%CJQ%6124%K
34216236;?utm_source=email%domain=yandexT%SRY%1735%E
34330537;?utm_source=instagram%placement=blogger2N%HHP%1895%Y
34299122;?utm_source=instagram%placement=blogger2S%WUN%9925%L
34392611;?utm_source=facebook%fbadv=source2T%TFV%1770%J
34373219;?utm_source=instagram%placement=blogger2L%VSJ%4599%C
34273998;?utm_source=vkontakte%advert=group2G%SKY%6490%X
34381947;?utm_source=facebook%fbadv=source3L%KXV%5825%X
34362455;?utm_source=vkontakte%advert=group1F%QUX%6764%W
34431670;?utm_source=instagram%placement=blogger4R%YCG%8422%Z
34269686;?utm_source=facebook%fbadv=source3J%ELB%6703%H
34415860;?utm_source=telegram%adv=public3J%KSU%3670%N
34386485;?utm_source=instagram%placement=blogger4E%DIJ%6319%A
34347442;?utm_source=vkontakte%advert=group1I%HAS%8460%I
34217911;?utm_source=facebook%fbadv=source3F%EKO%1479%T
34299061;?utm_source=instagram%placement=blogger2U%QIC%8259%W
34372290;?utm_source=instagram%placement=blogger1E%GCJ%9096%B
34262102;?utm_source=facebook%fbadv=source2P%WYE%2055%F
34309723;?utm_source=instagram%placement=blogger1E%SZZ%7276%N
34310433;?utm_source=vkontakte%advert=group1D%KEA%3696%O
34404476;?utm_source=email%domain=yandexY%GOY%5553%X
34224140;?utm_source=email%domain=gmailL%SMW%1593%P
34367750;?utm_source=telegram%adv=public2V%WAG%3959%F
34295919;?utm_source=telegram%adv=public1K%IKN%8663%O
34413083;?utm_source=instagram%placement=blogger1D%MZL%7756%O
34220119;?utm_source=instagram%placement=blogger1U%PVP%9988%K
34353478;?utm_source=telegram%adv=public2L%IYU%5269%H
34244109;?utm_source=telegram%adv=public1D%BXR%3861%B
34244131;?utm_source=instagram%placement=blogger1C%NNC%5144%T
34359065;?utm_source=facebook%fbadv=source2S%MKR%4099%A
34289609;?utm_source=facebook%fbadv=source1M%BHB%2066%Q
34428392;?utm_source=facebook%fbadv=source3R%YAK%3790%C
34249420;?utm_source=telegram%adv=public2F%TWV%1858%T
34217410;?utm_source=telegram%adv=public2L%POR%9677%A
34284967;?utm_source=telegram%adv=public2S%WFX%4174%U
34244999;?utm_source=email%domain=gmailJ%AVE%6604%G
34276479;?utm_source=email%domain=gmailD%CHY%2966%Q
34315788;?utm_source=telegram%adv=public2R%LWT%1105%Q
34284567;?utm_source=instagram%placement=blogger3M%KEW%3579%W
34431606;?utm_source=instagram%placement=blogger2C%QDC%8530%W
34330903;?utm_source=instagram%placement=blogger3Q%JQS%5682%A
34275315;?utm_source=telegram%adv=public2J%JAF%8613%O
34364367;?utm_source=email%domain=yandexH%RJI%5983%W
34331094;?utm_source=instagram%placement=blogger4G%EMK%6064%J
34419282;?utm_source=instagram%placement=blogger1G%VQK%6002%G
34379506;?utm_source=instagram%placement=blogger3N%RJD%8107%G
34287527;?utm_source=email%domain=gmailG%TEE%6617%O
34383149;?utm_source=email%domain=yandexM%ZHX%5453%X
34257793;?utm_source=vkontakte%advert=group1N%TQW%2536%V
34321935;?utm_source=instagram%placement=blogger3Z%BSY%3698%K
34332113;?utm_source=instagram%placement=blogger1C%ELG%5989%V
34405201;?utm_source=instagram%placement=blogger4A%WWG%1072%I
34393709;?utm_source=instagram%placement=blogger1Z%BST%3029%G
34277486;?utm_source=vkontakte%advert=group1G%IPX%4091%K
34236255;?utm_source=facebook%fbadv=source3K%RMN%8897%P
34345007;?utm_source=email%domain=gmailG%NXT%2503%H
34219359;?utm_source=instagram%placement=blogger2K%UAG%1427%A
34337692;?utm_source=facebook%fbadv=source2Q%VSG%1289%X
34403451;?utm_source=instagram%placement=blogger4D%VMM%6264%Y
34277577;?utm_source=instagram%placement=blogger1M%TER%8318%T
34411702;?utm_source=telegram%adv=public1G%XPA%1358%I
34331464;?utm_source=vkontakte%advert=group1T%MQW%9416%R
34250050;?utm_source=telegram%adv=public2V%JHX%8470%L
34296481;?utm_source=instagram%placement=blogger1W%RCQ%4864%I
34393138;?utm_source=instagram%placement=blogger1X%QUD%7693%U
34244752;?utm_source=email%domain=yandexN%HZG%3602%A
34407706;?utm_source=instagram%placement=blogger2Y%FWY%6410%Y
34326027;?utm_source=telegram%adv=public3P%SDJ%8460%I
34392760;?utm_source=instagram%placement=blogger1E%NYK%8632%U
34291507;?utm_source=vkontakte%advert=group1W%UVU%5175%H
34245889;?utm_source=telegram%adv=public3O%XSQ%2588%S
34314771;?utm_source=facebook%fbadv=source1Y%HZW%1406%N
34239961;?utm_source=facebook%fbadv=source3C%QSS%6838%O
34318718;?utm_source=instagram%placement=blogger1F%OEN%6656%L
34392476;?utm_source=instagram%placement=blogger2B%UAF%4344%C
34333774;?utm_source=instagram%placement=blogger1F%GYJ%3031%I
34221966;?utm_source=telegram%adv=public1Z%OUO%2798%I
34251353;?utm_source=instagram%placement=blogger2N%ACI%2782%T
34366667;?utm_source=vkontakte%advert=group2W%TOH%7399%R
34268291;?utm_source=email%domain=yandexC%COJ%7923%M
34393880;?utm_source=facebook%fbadv=source3R%VSB%8481%F
34327789;?utm_source=facebook%fbadv=source2I%QXF%2896%D
34295918;?utm_source=email%domain=yandexN%MLZ%2886%J
34251159;?utm_source=facebook%fbadv=source2E%UMF%4700%X
34416527;?utm_source=telegram%adv=public1A%KQB%4084%P
34263511;?utm_source=telegram%adv=public2O%ZHF%1107%K
34363192;?utm_source=instagram%placement=blogger2D%IEV%1064%A
34320893;?utm_source=facebook%fbadv=source3B%SXR%8321%V
34378750;?utm_source=instagram%placement=blogger1C%XMJ%5187%B
34429834;?utm_source=instagram%placement=blogger2G%SOR%6599%X
34316777;?utm_source=telegram%adv=public3X%NCW%7141%T
34254049;?utm_source=telegram%adv=public3N%FTK%6344%K
34322315;?utm_source=telegram%adv=public2R%UDT%3817%U
34261307;?utm_source=instagram%placement=blogger1L%OCE%4817%B
34340845;?utm_source=telegram%adv=public1M%CIR%3820%C
34409626;?utm_source=email%domain=outlookS%GRY%7113%T
34400024;?utm_source=instagram%placement=blogger2K%KME%1792%N
34299550;?utm_source=facebook%fbadv=source3C%LPB%3658%I
34221826;?utm_source=instagram%placement=blogger1X%ONS%5513%V
34247530;?utm_source=email%domain=yandexW%TOF%5123%Q
34421672;?utm_source=telegram%adv=public2Y%GAN%2847%X
34227906;?utm_source=instagram%placement=blogger2L%GIP%1502%P
34353031;?utm_source=instagram%placement=blogger3R%HMF%4891%Y
34345559;?utm_source=vkontakte%advert=group1D%MWH%6388%S
34244988;?utm_source=facebook%fbadv=source1W%BZY%4099%Y
34229596;?utm_source=facebook%fbadv=source2F%BPK%4711%K
34404018;?utm_source=instagram%placement=blogger2R%VXC%1539%J
34334514;?utm_source=facebook%fbadv=source3O%IUO%5953%A
34301706;?utm_source=telegram%adv=public2O%OPW%2925%D
34250973;?utm_source=email%domain=outlookN%NRV%1535%S
34403225;?utm_source=email%domain=gmailF%EGH%8229%Q
34243653;?utm_source=instagram%placement=blogger4O%QOK%5046%H
34235342;?utm_source=instagram%placement=blogger2L%PRB%9398%W
34245286;?utm_source=telegram%adv=public2N%UVO%8279%M
34351558;?utm_source=vkontakte%advert=group1A%BPI%2247%W
34273748;?utm_source=facebook%fbadv=source2O%ZGC%9108%H
34373926;?utm_source=telegram%adv=public1O%WMU%9039%R
34344717;?utm_source=vkontakte%advert=group2T%UPZ%3803%T
34349990;?utm_source=facebook%fbadv=source2G%DPS%4615%O
34411281;?utm_source=email%domain=gmailR%BQJ%4035%V
34375897;?utm_source=facebook%fbadv=source3N%LIO%7348%B
34385327;?utm_source=instagram%placement=blogger1Z%ACF%3678%D
34310769;?utm_source=facebook%fbadv=source2Q%WRK%5320%L
34368539;?utm_source=email%domain=yandexA%UWS%9053%G
34293314;?utm_source=telegram%adv=public1M%CID%7806%H
34304624;?utm_source=telegram%adv=public1C%DEM%6048%P
34260322;?utm_source=instagram%placement=blogger2S%YJM%2802%K
34320480;?utm_source=instagram%placement=blogger3K%MKN%6259%V
34368554;?utm_source=telegram%adv=public1K%NNG%2390%K
34430495;?utm_source=instagram%placement=blogger2Y%VXZ%6266%Q
34253976;?utm_source=facebook%fbadv=source3W%VRT%1288%X
34329879;?utm_source=telegram%adv=public2K%QYF%6629%Q
34346594;?utm_source=telegram%adv=public1D%XNO%7782%W
34306742;?utm_source=facebook%fbadv=source2Y%CJT%9164%C
34398138;?utm_source=facebook%fbadv=source2H%LXG%4105%U
34432035;?utm_source=telegram%adv=public3T%YXT%3873%U
34285353;?utm_source=email%domain=yandexI%GUB%2904%V
34394992;?utm_source=email%domain=yandexR%SLY%2068%G
34397419;?utm_source=vkontakte%advert=group2Y%GLH%7003%J
34392217;?utm_source=email%domain=yandexX%IHW%3493%J
34294749;?utm_source=telegram%adv=public2O%DGC%8170%O
34225820;?utm_source=telegram%adv=public2O%VQO%5950%L
34246728;?utm_source=telegram%adv=public2H%NYL%2648%G
34343186;?utm_source=telegram%adv=public1W%CIU%7815%D
34399277;?utm_source=telegram%adv=public2E%CBR%8909%X
34308995;?utm_source=instagram%placement=blogger2C%SGQ%1295%M
34258032;?utm_source=telegram%adv=public1M%OZB%6116%G
34292131;?utm_source=instagram%placement=blogger3K%KSM%8091%Z
34234047;?utm_source=instagram%placement=blogger2J%TZE%9144%F
34420867;?utm_source=telegram%adv=public3E%STM%7209%T
34349178;?utm_source=facebook%fbadv=source1H%HVX%5683%K
34223463;?utm_source=email%domain=yandexT%QUW%1500%N
34304235;?utm_source=telegram%adv=public3K%YJE%6278%J
34240425;?utm_source=email%domain=outlookX%BGQ%8952%A
34283306;?utm_source=instagram%placement=blogger4R%UQV%8429%V
34397442;?utm_source=email%domain=yandexA%CBM%1077%S
34335289;?utm_source=facebook%fbadv=source2O%NZY%7647%V
34308973;?utm_source=facebook%fbadv=source2R%NWI%8744%J
34367049;?utm_source=telegram%adv=public1T%FMV%2556%N
34417172;?utm_source=email%domain=yandexV%CHR%3931%R
34335407;?utm_source=instagram%placement=blogger2G%KMO%8952%Z
34385139;?utm_source=telegram%adv=public1M%YJU%2658%W
34278529;?utm_source=telegram%adv=public1P%KOL%4497%L
34365069;?utm_source=facebook%fbadv=source2X%LOG%4261%S
34311994;?utm_source=email%domain=gmailE%FFC%1909%X
34285104;?utm_source=instagram%placement=blogger2N%NZE%9941%O
34415127;?utm_source=telegram%adv=public3Z%XYN%7362%Z
34281037;?utm_source=vkontakte%advert=group3Y%MEL%8520%U
34430928;?utm_source=facebook%fbadv=source2A%HSU%2159%P
34256633;?utm_source=email%domain=gmailT%NXS%6142%E
34238926;?utm_source=telegram%adv=public1R%PKE%6372%X
34271544;?utm_source=email%domain=outlookK%BDO%6822%W
34365748;?utm_source=facebook%fbadv=source2E%EQD%5982%D
34350946;?utm_source=instagram%placement=blogger2H%AJO%9088%O
34329391;?utm_source=instagram%placement=blogger1I%YUK%1555%G
34349499;?utm_source=instagram%placement=blogger4A%FRT%7508%F
34249736;?utm_source=email%domain=yandexL%FWM%9366%R
34397578;?utm_source=telegram%adv=public2L%GZL%5077%R
34328472;?utm_source=email%domain=outlookP%SQY%5323%E
34403984;?utm_source=instagram%placement=blogger4B%YAG%7443%Y
34300633;?utm_source=email%domain=gmailX%PPU%6635%Y
34416457;?utm_source=email%domain=gmailF%AWW%3765%G
34368675;?utm_source=vkontakte%advert=group3W%XFH%6663%I
34246966;?utm_source=telegram%adv=public2T%ZUJ%8642%A
34264337;?utm_source=vkontakte%advert=group2V%OHK%4367%P
34268529;?utm_source=instagram%placement=blogger2C%LEE%5917%Z
34320165;?utm_source=vkontakte%advert=group1S%PNB%9557%L
34421811;?utm_source=email%domain=yandexO%CTK%1256%C
34414419;?utm_source=facebook%fbadv=source3O%AYS%4449%K
34430972;?utm_source=vkontakte%advert=group2E%BSP%7462%U
34336038;?utm_source=instagram%placement=blogger2H%MEF%2324%F
34398961;?utm_source=email%domain=yandexM%WUY%8911%B
34387095;?utm_source=instagram%placement=blogger4A%MKL%3912%U
34425711;?utm_source=facebook%fbadv=source2T%QDZ%4559%P
34358712;?utm_source=instagram%placement=blogger3U%JOY%9886%O
34352513;?utm_source=telegram%adv=public1H%VYT%2473%A
34272779;?utm_source=telegram%adv=public2Z%RTG%7890%E
34405038;?utm_source=instagram%placement=blogger2Y%OHZ%6080%F
34293831;?utm_source=vkontakte%advert=group2P%SEO%1690%O
34265087;?utm_source=instagram%placement=blogger2N%KQE%4817%U
34387775;?utm_source=instagram%placement=blogger1V%KNC%5465%I
34321884;?utm_source=telegram%adv=public1I%OKZ%8029%D
34383861;?utm_source=telegram%adv=public3F%RMD%6662%T
34338967;?utm_source=telegram%adv=public1S%YEA%2662%N
34340529;?utm_source=instagram%placement=blogger2L%JVI%1872%K
34248601;?utm_source=telegram%adv=public1I%CWP%8476%G
34379379;?utm_source=facebook%fbadv=source1M%YGY%2811%T
34421555;?utm_source=telegram%adv=public1F%VTK%7916%S
34410913;?utm_source=email%domain=outlookG%SKK%8863%E
34397488;?utm_source=instagram%placement=blogger3Y%JOD%1605%I
34312403;?utm_source=telegram%adv=public1Q%GVX%4163%A
34319977;?utm_source=telegram%adv=public1R%CWW%9510%I
34224964;?utm_source=instagram%placement=blogger1R%RYR%6676%L
34376513;?utm_source=vkontakte%advert=group3J%XDS%1062%B
34320417;?utm_source=instagram%placement=blogger1C%IUG%8946%N
34300214;?utm_source=instagram%placement=blogger1M%FBC%8456%B
34243604;?utm_source=telegram%adv=public1O%TQD%7975%L
34309742;?utm_source=email%domain=outlookR%LEG%9573%M
34284530;?utm_source=vkontakte%advert=group2A%HQI%6635%D
34318518;?utm_source=instagram%placement=blogger4C%QUT%3788%Q
34360000;?utm_source=vkontakte%advert=group1L%GMP%4676%W
34355540;?utm_source=facebook%fbadv=source2W%IQD%5056%E
34274764;?utm_source=instagram%placement=blogger3E%GCS%4057%C
34270454;?utm_source=email%domain=yandexR%YFS%4608%N
34358121;?utm_source=email%domain=outlookL%QTS%7053%I
34370586;?utm_source=instagram%placement=blogger3Z%WTZ%6978%R
34401175;?utm_source=instagram%placement=blogger2K%QBA%5710%T
34324270;?utm_source=email%domain=yandexU%CZZ%1794%N
34271854;?utm_source=telegram%adv=public1G%MJT%5153%Z
34262616;?utm_source=email%domain=outlookB%GKS%1072%N
34228932;?utm_source=instagram%placement=blogger1A%AQR%3809%L
34363438;?utm_source=facebook%fbadv=source2A%HPL%3712%B
34236720;?utm_source=instagram%placement=blogger2V%MNF%3365%S
34285417;?utm_source=vkontakte%advert=group1F%GCI%1525%A
34329273;?utm_source=facebook%fbadv=source2Q%KBV%3454%G
34409199;?utm_source=telegram%adv=public2Z%XGL%6699%I
34227964;?utm_source=email%domain=yandexZ%QTT%4763%F
34288490;?utm_source=vkontakte%advert=group1W%ADY%9012%A
34349463;?utm_source=telegram%adv=public1C%OME%8102%T
34413076;?utm_source=telegram%adv=public1S%IBD%9437%N
34375116;?utm_source=email%domain=yandexW%ISG%6776%J
34279028;?utm_source=telegram%adv=public2N%ENP%1028%J
34372401;?utm_source=vkontakte%advert=group1O%DKC%3001%X
34409438;?utm_source=telegram%adv=public1Y%QZO%5844%F
34369527;?utm_source=instagram%placement=blogger1K%HGY%9961%G
34264697;?utm_source=facebook%fbadv=source2K%CZJ%6425%Q
34334295;?utm_source=email%domain=outlookC%DIS%7397%Q
34290905;?utm_source=facebook%fbadv=source2I%OIP%2877%W
34310069;?utm_source=facebook%fbadv=source2M%WXL%5722%S
34274445;?utm_source=telegram%adv=public2G%QAT%4606%T
34397565;?utm_source=facebook%fbadv=source3R%FLC%3177%Y
34386971;?utm_source=email%domain=outlookM%LSQ%3221%Y
34232438;?utm_source=instagram%placement=blogger1G%ZWU%2124%X
34301822;?utm_source=facebook%fbadv=source3E%HBK%5357%F
34247351;?utm_source=telegram%adv=public1K%QEV%4581%C
34223596;?utm_source=instagram%placement=blogger2O%ULJ%2344%B
34377506;?utm_source=instagram%placement=blogger1M%WDP%3017%F
34345991;?utm_source=vkontakte%advert=group2X%XAU%4447%R
34384645;?utm_source=telegram%adv=public2J%HMR%7518%I
34349095;?utm_source=instagram%placement=blogger4C%CRE%1473%V
34309529;?utm_source=instagram%placement=blogger1I%RHA%4717%R
34403668;?utm_source=instagram%placement=blogger1O%WXO%4321%M
34323750;?utm_source=instagram%placement=blogger1E%VBJ%5882%D
34349358;?utm_source=email%domain=yandexM%MZN%9647%W
34338661;?utm_source=instagram%placement=blogger1B%NZK%5153%B
34357505;?utm_source=instagram%placement=blogger1J%NTH%8442%X
34323951;?utm_source=email%domain=gmailW%LPR%9491%S
34329545;?utm_source=instagram%placement=blogger3O%EOH%1033%X
34431677;?utm_source=vkontakte%advert=group2R%UDY%2138%O
34327710;?utm_source=vkontakte%advert=group2N%BOC%8164%R
34394643;?utm_source=telegram%adv=public1H%SRV%7876%L
34364424;?utm_source=vkontakte%advert=group3H%HOQ%4493%F
34367312;?utm_source=email%domain=gmailU%EHF%9817%U
34286389;?utm_source=instagram%placement=blogger3T%DZS%3701%Z
34371816;?utm_source=facebook%fbadv=source1J%ECB%1376%Q
34230373;?utm_source=telegram%adv=public3G%BNS%7732%M
34355998;?utm_source=telegram%adv=public2R%ULW%1569%Z
34215199;?utm_source=instagram%placement=blogger4J%CXE%5996%N
34395870;?utm_source=telegram%adv=public2Z%JUO%6480%T
34376673;?utm_source=email%domain=gmailX%OQL%7221%R
34220056;?utm_source=vkontakte%advert=group1S%ESZ%7459%H
34314238;?utm_source=email%domain=gmailW%FLC%2249%K
34408043;?utm_source=email%domain=yandexF%OFN%6640%D
34276290;?utm_source=telegram%adv=public1R%DBO%7061%N
34296127;?utm_source=instagram%placement=blogger4O%UZN%3976%I
34250993;?utm_source=vkontakte%advert=group1O%CPN%9016%D
34269700;?utm_source=instagram%placement=blogger3N%YBF%8592%P
34280924;?utm_source=instagram%placement=blogger1K%FVK%7090%A
34294301;?utm_source=email%domain=gmailJ%IOE%4103%X
34281166;?utm_source=facebook%fbadv=source1Y%AZW%3503%N
34307010;?utm_source=email%domain=outlookA%KRN%6315%S
34321373;?utm_source=facebook%fbadv=source2P%BQD%1261%E
34373965;?utm_source=telegram%adv=public1F%RIM%9222%I
34412836;?utm_source=facebook%fbadv=source2C%BTB%7459%N
34346784;?utm_source=facebook%fbadv=source1M%WHS%7673%S
34247586;?utm_source=telegram%adv=public1Z%YRH%5467%O
34343391;?utm_source=email%domain=outlookV%EKD%2729%X
34412811;?utm_source=facebook%fbadv=source3M%LQB%5182%G
34380362;?utm_source=instagram%placement=blogger2B%TIS%3841%G
34227825;?utm_source=telegram%adv=public1S%DQI%1123%X
34430467;?utm_source=instagram%placement=blogger2K%FFS%3049%G
34233535;?utm_source=instagram%placement=blogger4W%FZP%5322%E
34386814;?utm_source=telegram%adv=public1N%JTI%6176%F
34214726;?utm_source=facebook%fbadv=source3K%BNP%4800%L
34243302;?utm_source=instagram%placement=blogger1F%DWI%8345%T
34319633;?utm_source=vkontakte%advert=group2G%ARL%3621%J
34232239;?utm_source=telegram%adv=public3T%NEI%1074%Q
34253786;?utm_source=instagram%placement=blogger4X%XOV%9642%C
34229821;?utm_source=email%domain=yandexG%VFV%2082%Q
34309009;?utm_source=instagram%placement=blogger3U%WWE%7589%E
34238796;?utm_source=instagram%placement=blogger1L%FHZ%8872%W
34256865;?utm_source=instagram%placement=blogger4T%WZU%1626%A
34257440;?utm_source=instagram%placement=blogger3N%IBP%2945%Q
34425731;?utm_source=instagram%placement=blogger4T%ZNP%7933%F
34352783;?utm_source=instagram%placement=blogger3G%NDL%9563%X
34424785;?utm_source=instagram%placement=blogger3E%GQE%7504%P
34390989;?utm_source=instagram%placement=blogger2A%GPD%3835%I
34314289;?utm_source=telegram%adv=public2M%BDF%7650%C
34420298;?utm_source=email%domain=yandexD%QYN%1325%O
34312769;?utm_source=facebook%fbadv=source3X%VHR%2044%T
34388996;?utm_source=telegram%adv=public2E%TWT%5010%U
34430399;?utm_source=facebook%fbadv=source2G%VWF%7489%R
34386361;?utm_source=email%domain=gmailN%SXJ%5032%Y
34386262;?utm_source=facebook%fbadv=source2L%DNY%3689%R
34359470;?utm_source=instagram%placement=blogger2L%DVY%5675%T
34322980;?utm_source=telegram%adv=public1Y%SNX%6470%R
34416328;?utm_source=vkontakte%advert=group2L%EWV%7852%M
34428764;?utm_source=vkontakte%advert=group1T%CKB%3125%C
34315637;?utm_source=facebook%fbadv=source1A%OBG%1556%C
34389218;?utm_source=facebook%fbadv=source3B%NRI%5238%Y
34325731;?utm_source=instagram%placement=blogger1G%QEK%4574%Z
34271744;?utm_source=vkontakte%advert=group2K%TUF%9467%Z
34409837;?utm_source=instagram%placement=blogger1G%AKJ%1681%J
34328479;?utm_source=facebook%fbadv=source3Q%XGC%6393%E
34309692;?utm_source=facebook%fbadv=source1S%RQF%8312%O
34417072;?utm_source=instagram%placement=blogger1C%WGW%3619%D
34309733;?utm_source=telegram%adv=public2R%QMO%3672%A
34238436;?utm_source=instagram%placement=blogger1D%UVF%6216%J
34283456;?utm_source=instagram%placement=blogger3R%NSF%9304%O
34350053;?utm_source=telegram%adv=public1Q%VEM%8183%X
34367098;?utm_source=vkontakte%advert=group1Q%QVW%8890%Z
34296702;?utm_source=instagram%placement=blogger1I%NRA%9548%O
34299209;?utm_source=facebook%fbadv=source2E%UPF%2454%W
34360931;?utm_source=instagram%placement=blogger3Z%AEP%1605%Y
34327818;?utm_source=facebook%fbadv=source3M%RIH%1127%F
34385544;?utm_source=instagram%placement=blogger3J%PCD%8973%X
34327220;?utm_source=telegram%adv=public2G%GHC%1644%B
34333630;?utm_source=instagram%placement=blogger4B%SKB%4512%J
34332101;?utm_source=vkontakte%advert=group2M%SBJ%5349%J
34291574;?utm_source=facebook%fbadv=source1R%MMG%8381%T
34288094;?utm_source=email%domain=yandexW%JPZ%3500%J
34359444;?utm_source=telegram%adv=public3F%HMV%8033%L
34281608;?utm_source=vkontakte%advert=group2C%RAT%9247%Q
34428279;?utm_source=instagram%placement=blogger1Q%YCQ%3144%O
34358410;?utm_source=email%domain=yandexX%BZC%2294%P
34383850;?utm_source=email%domain=yandexX%JHF%1568%L
